{
  "baseline_xgb": {
    "accuracy": 0.8666666666666667,
    "precision": 0.8846153846153846,
    "recall": 0.8214285714285714,
    "f1_weighted": 0.8662177328843995,
    "roc_auc": 0.9308035714285714
  },
  "coverage": {
    "0.05": {
      "empirical_coverage": 0.9666666666666667,
      "mean_set_size": 1.4166666666666667,
      "median_set_size": 1.0,
      "n_empty_sets": 0,
      "n": 60
    },
    "0.1": {
      "empirical_coverage": 0.9666666666666667,
      "mean_set_size": 1.35,
      "median_set_size": 1.0,
      "n_empty_sets": 0,
      "n": 60
    },
    "0.2": {
      "empirical_coverage": 0.8833333333333333,
      "mean_set_size": 1.1,
      "median_set_size": 1.0,
      "n_empty_sets": 0,
      "n": 60
    }
  },
  "method_comparison": {
    "split_lac": {
      "0.05": {
        "empirical_coverage": 0.9666666666666667,
        "mean_set_size": 1.4166666666666667
      },
      "0.1": {
        "empirical_coverage": 0.9666666666666667,
        "mean_set_size": 1.35
      },
      "0.2": {
        "empirical_coverage": 0.8833333333333333,
        "mean_set_size": 1.1
      }
    },
    "cv_plus_5": {
      "0.05": {
        "empirical_coverage": 0.9333333333333333,
        "mean_set_size": 1.35
      },
      "0.1": {
        "empirical_coverage": 0.9,
        "mean_set_size": 1.1666666666666667
      },
      "0.2": {
        "empirical_coverage": 0.8333333333333334,
        "mean_set_size": 0.9833333333333333
      }
    },
    "cv_plus_10": {
      "0.05": {
        "empirical_coverage": 0.9333333333333333,
        "mean_set_size": 1.3666666666666667
      },
      "0.1": {
        "empirical_coverage": 0.9,
        "mean_set_size": 1.2
      },
      "0.2": {
        "empirical_coverage": 0.85,
        "mean_set_size": 1.0
      }
    }
  },
  "group_coverage": {
    "sex_0": {
      "n": 19,
      "empirical_coverage": 0.9473684210526315,
      "mean_set_size": 1.2105263157894737
    },
    "sex_1": {
      "n": 41,
      "empirical_coverage": 0.975609756097561,
      "mean_set_size": 1.4146341463414633
    },
    "age_lt_50": {
      "n": 19,
      "empirical_coverage": 1.0,
      "mean_set_size": 1.263157894736842
    },
    "age_50_64": {
      "n": 33,
      "empirical_coverage": 0.9696969696969697,
      "mean_set_size": 1.303030303030303
    },
    "age_65p": {
      "n": 8,
      "empirical_coverage": 0.875,
      "mean_set_size": 1.75
    },
    "overall_alpha": 0.1,
    "parity": {
      "sex_p_value": 1.0,
      "age_lt_50_p_value_bonf": 1.0,
      "age_50_64_p_value_bonf": 1.0,
      "age_65p_p_value_bonf": 1.0
    }
  },
  "ece": {
    "value": 0.09471728103235363,
    "n_bins": 10
  },
  "dca": {
    "thresholds": [
      0.01,
      0.02,
      0.03,
      0.04,
      0.05,
      0.060000000000000005,
      0.06999999999999999,
      0.08,
      0.09,
      0.09999999999999999,
      0.11,
      0.12,
      0.13,
      0.14,
      0.15000000000000002,
      0.16,
      0.17,
      0.18000000000000002,
      0.19,
      0.2,
      0.21000000000000002,
      0.22,
      0.23,
      0.24000000000000002,
      0.25,
      0.26,
      0.27,
      0.28,
      0.29000000000000004,
      0.3,
      0.31,
      0.32,
      0.33,
      0.34,
      0.35000000000000003,
      0.36000000000000004,
      0.37,
      0.38,
      0.39,
      0.4,
      0.41000000000000003,
      0.42000000000000004,
      0.43,
      0.44,
      0.45,
      0.46,
      0.47000000000000003,
      0.48000000000000004,
      0.49,
      0.5,
      0.51,
      0.52,
      0.53,
      0.54,
      0.55,
      0.56,
      0.5700000000000001,
      0.5800000000000001,
      0.59,
      0.6,
      0.61,
      0.62,
      0.63,
      0.64,
      0.65,
      0.66,
      0.67,
      0.68,
      0.6900000000000001,
      0.7000000000000001,
      0.7100000000000001,
      0.72,
      0.73,
      0.74,
      0.75,
      0.76,
      0.77,
      0.78,
      0.79,
      0.8,
      0.81,
      0.8200000000000001,
      0.8300000000000001,
      0.8400000000000001,
      0.85,
      0.86,
      0.87,
      0.88,
      0.89,
      0.9,
      0.91,
      0.92,
      0.93,
      0.9400000000000001,
      0.9500000000000001,
      0.9600000000000001,
      0.97,
      0.98,
      0.99
    ],
    "model": [
      0.4622895622895623,
      0.45952380952380956,
      0.4563573883161512,
      0.45416666666666666,
      0.4359649122807018,
      0.43617021276595747,
      0.43620071684587813,
      0.4355072463768116,
      0.4368131868131868,
      0.4351851851851852,
      0.43352059925093633,
      0.4318181818181818,
      0.43007662835249044,
      0.42829457364341084,
      0.4127450980392157,
      0.41111111111111115,
      0.4094377510040161,
      0.40772357723577235,
      0.40987654320987654,
      0.4166666666666667,
      0.4156118143459916,
      0.3978632478632479,
      0.39675324675324675,
      0.3956140350877193,
      0.3944444444444445,
      0.3932432432432433,
      0.37534246575342467,
      0.3740740740740741,
      0.37276995305164323,
      0.37142857142857144,
      0.370048309178744,
      0.3686274509803922,
      0.36716417910447763,
      0.3656565656565657,
      0.36410256410256414,
      0.36250000000000004,
      0.36084656084656086,
      0.35913978494623655,
      0.35737704918032787,
      0.35555555555555557,
      0.35367231638418084,
      0.33505747126436786,
      0.33304093567251464,
      0.34404761904761905,
      0.34242424242424246,
      0.3407407407407408,
      0.33899371069182394,
      0.3371794871794872,
      0.33529411764705885,
      0.33333333333333337,
      0.314625850340136,
      0.2958333333333333,
      0.2936170212765957,
      0.29130434782608694,
      0.28888888888888886,
      0.26969696969696966,
      0.26705426356589146,
      0.26428571428571423,
      0.2613821138211382,
      0.2583333333333333,
      0.2551282051282051,
      0.2517543859649123,
      0.24819819819819816,
      0.2444444444444444,
      0.24047619047619045,
      0.23627450980392153,
      0.2151515151515151,
      0.2458333333333333,
      0.24247311827956985,
      0.2222222222222222,
      0.2183908045977011,
      0.2142857142857143,
      0.20987654320987653,
      0.20512820512820512,
      0.19999999999999998,
      0.19444444444444442,
      0.18840579710144928,
      0.1818181818181818,
      0.17460317460317457,
      0.2333333333333333,
      0.19561403508771927,
      0.1907407407407407,
      0.18529411764705878,
      0.17916666666666659,
      0.17222222222222222,
      0.14761904761904765,
      0.13846153846153847,
      0.12777777777777777,
      0.11515151515151514,
      0.06666666666666665,
      0.04814814814814811,
      0.00833333333333322,
      -0.021428571428571574,
      -0.06111111111111134,
      -0.11666666666666714,
      -0.2333333333333341,
      -0.3722222222222218,
      -0.6833333333333327,
      0.08333333333333333
    ],