{
  "age": {
    "mean": -2.5089785867235176e-17,
    "std": 1.0,
    "min": -2.2808323047499237,
    "max": 2.4856187307941915
  },
  "sex": {
    "mean": -3.010774304068221e-17,
    "std": 1.0,
    "min": -1.3964240043768943,
    "max": 0.7161148740394329
  },
  "cp": {
    "mean": 1.7562850107064624e-16,
    "std": 0.9999999999999998,
    "min": -2.2355024808473325,
    "max": 0.8477489927369106
  },
  "trestbps": {
    "mean": 5.72047117772962e-16,
    "std": 1.0,
    "min": -2.224141407165517,
    "max": 4.179010515688471
  },
  "chol": {
    "mean": -2.3584398715201065e-16,
    "std": 1.0,
    "min": -2.2306390259158544,
    "max": 5.678463243608615
  },
  "fbs": {
    "mean": 5.017957173447035e-17,
    "std": 0.9999999999999998,
    "min": -0.442657820382681,
    "max": 2.259081290228855
  },
  "restecg": {
    "mean": 7.02514004282585e-17,
    "std": 1.0,
    "min": -0.9915690570060492,
    "max": 1.0142334925947591
  },
  "thalach": {
    "mean": -2.1075420128477548e-16,
    "std": 1.0,
    "min": -2.7746087635885064,
    "max": 1.92921427991448
  },
  "exang": {
    "mean": 4.26526359742998e-17,
    "std": 1.0,
    "min": -0.7161148740394329,
    "max": 1.3964240043768943
  },
  "oldpeak": {
    "mean": 2.007182869378814e-17,
    "std": 1.0,
    "min": -0.8851924471422195,
    "max": 4.345880204951866
  },
  "slope": {
    "mean": 1.5179320449677282e-16,
    "std": 0.9999999999999999,
    "min": -0.9598124889235984,
    "max": 2.33896053126042
  },
  "ca": {
    "mean": -3.010774304068221e-17,
    "std": 1.0,
    "min": -0.7581581222395214,
    "max": 2.4884706108990744
  },
  "thal": {
    "mean": 2.0573624411132845e-16,
    "std": 0.9999999999999999,
    "min": -0.9246567297180416,
    "max": 1.147042525473014
  }
}